{
  "recent": {},
  "people": {
    "bowtie": "./img/emoji/bowtie.png",
    "smile": "./img/emoji/smile.png",
    "laughing": "./img/emoji/laughing.png",
    "blush": "./img/emoji/blush.png",
    "smiley": "./img/emoji/smiley.png",
    "relaxed": "./img/emoji/relaxed.png",
    "smirk": "./img/emoji/smirk.png",
    "heart_eyes": "./img/emoji/heart_eyes.png",
    "kissing_heart": "./img/emoji/kissing_heart.png",
    "kissing_closed_eyes": "./img/emoji/kissing_closed_eyes.png",
    "flushed": "./img/emoji/flushed.png",
    "relieved": "./img/emoji/relieved.png",
    "satisfied": "./img/emoji/satisfied.png",
    "grin": "./img/emoji/grin.png",
    "wink": "./img/emoji/wink.png",
    "stuck_out_tongue_winking_eye": "./img/emoji/stuck_out_tongue_winking_eye.png",
    "stuck_out_tongue_closed_eyes": "./img/emoji/stuck_out_tongue_closed_eyes.png",
    "grinning": "./img/emoji/grinning.png",
    "kissing": "./img/emoji/kissing.png",
    "kissing_smiling_eyes": "./img/emoji/kissing_smiling_eyes.png",
    "stuck_out_tongue": "./img/emoji/stuck_out_tongue.png",
    "sleeping": "./img/emoji/sleeping.png",
    "worried": "./img/emoji/worried.png",
    "frowning": "./img/emoji/frowning.png",
    "anguished": "./img/emoji/anguished.png",
    "open_mouth": "./img/emoji/open_mouth.png",
    "grimacing": "./img/emoji/grimacing.png",
    "confused": "./img/emoji/confused.png",
    "hushed": "./img/emoji/hushed.png",
    "expressionless": "./img/emoji/expressionless.png",
    "unamused": "./img/emoji/unamused.png",
    "sweat_smile": "./img/emoji/sweat_smile.png",
    "sweat": "./img/emoji/sweat.png",
    "disappointed_relieved": "./img/emoji/disappointed_relieved.png",
    "weary": "./img/emoji/weary.png",
    "pensive": "./img/emoji/pensive.png",
    "disappointed": "./img/emoji/disappointed.png",
    "confounded": "./img/emoji/confounded.png",
    "fearful": "./img/emoji/fearful.png",
    "cold_sweat": "./img/emoji/cold_sweat.png",
    "persevere": "./img/emoji/persevere.png",
    "cry": "./img/emoji/cry.png",
    "sob": "./img/emoji/sob.png",
    "joy": "./img/emoji/joy.png",
    "astonished": "./img/emoji/astonished.png",
    "scream": "./img/emoji/scream.png",
    "neckbeard": "./img/emoji/neckbeard.png",
    "tired_face": "./img/emoji/tired_face.png",
    "angry": "./img/emoji/angry.png",
    "rage": "./img/emoji/rage.png",
    "triumph": "./img/emoji/triumph.png",
    "sleepy": "./img/emoji/sleepy.png",
    "yum": "./img/emoji/yum.png",
    "mask": "./img/emoji/mask.png",
    "sunglasses": "./img/emoji/sunglasses.png",
    "dizzy_face": "./img/emoji/dizzy_face.png",
    "imp": "./img/emoji/imp.png",
    "smiling_imp": "./img/emoji/smiling_imp.png",
    "neutral_face": "./img/emoji/neutral_face.png",
    "no_mouth": "./img/emoji/no_mouth.png",
    "innocent": "./img/emoji/innocent.png",
    "alien": "./img/emoji/alien.png",
    "yellow_heart": "./img/emoji/yellow_heart.png",
    "blue_heart": "./img/emoji/blue_heart.png",
    "purple_heart": "./img/emoji/purple_heart.png",
    "heart": "./img/emoji/heart.png",
    "green_heart": "./img/emoji/green_heart.png",
    "broken_heart": "./img/emoji/broken_heart.png",
    "heartbeat": "./img/emoji/heartbeat.png",
    "heartpulse": "./img/emoji/heartpulse.png",
    "two_hearts": "./img/emoji/two_hearts.png",
    "revolving_hearts": "./img/emoji/revolving_hearts.png",
    "cupid": "./img/emoji/cupid.png",
    "sparkling_heart": "./img/emoji/sparkling_heart.png",
    "sparkles": "./img/emoji/sparkles.png",
    "star": "./img/emoji/star.png",
    "star2": "./img/emoji/star2.png",
    "dizzy": "./img/emoji/dizzy.png",
    "boom": "./img/emoji/boom.png",
    "collision": "./img/emoji/collision.png",
    "anger": "./img/emoji/anger.png",
    "exclamation": "./img/emoji/exclamation.png",
    "question": "./img/emoji/question.png",
    "grey_exclamation": "./img/emoji/grey_exclamation.png",
    "grey_question": "./img/emoji/grey_question.png",
    "zzz": "./img/emoji/zzz.png",
    "dash": "./img/emoji/dash.png",
    "sweat_drops": "./img/emoji/sweat_drops.png",
    "notes": "./img/emoji/notes.png",
    "musical_note": "./img/emoji/musical_note.png",
    "fire": "./img/emoji/fire.png",
    "hankey": "./img/emoji/hankey.png",
    "poop": "./img/emoji/poop.png",
    "shit": "./img/emoji/shit.png",
    "+1": "./img/emoji/+1.png",
    "thumbsup": "./img/emoji/thumbsup.png",
    "-1": "./img/emoji/-1.png",
    "thumbsdown": "./img/emoji/thumbsdown.png",
    "ok_hand": "./img/emoji/ok_hand.png",
    "punch": "./img/emoji/punch.png",
    "facepunch": "./img/emoji/facepunch.png",
    "fist": "./img/emoji/fist.png",
    "v": "./img/emoji/v.png",
    "wave": "./img/emoji/wave.png",
    "hand": "./img/emoji/hand.png",
    "raised_hand": "./img/emoji/raised_hand.png",
    "open_hands": "./img/emoji/open_hands.png",
    "point_up": "./img/emoji/point_up.png",
    "point_down": "./img/emoji/point_down.png",
    "point_left": "./img/emoji/point_left.png",
    "point_right": "./img/emoji/point_right.png",
    "raised_hands": "./img/emoji/raised_hands.png",
    "pray": "./img/emoji/pray.png",
    "point_up_2": "./img/emoji/point_up_2.png",
    "clap": "./img/emoji/clap.png",
    "muscle": "./img/emoji/muscle.png",
    "metal": "./img/emoji/metal.png",
    "fu": "./img/emoji/fu.png",
    "walking": "./img/emoji/walking.png",
    "runner": "./img/emoji/runner.png",
    "running": "./img/emoji/running.png",
    "couple": "./img/emoji/couple.png",
    "family": "./img/emoji/family.png",
    "two_men_holding_hands": "./img/emoji/two_men_holding_hands.png",
    "two_women_holding_hands": "./img/emoji/two_women_holding_hands.png",
    "dancer": "./img/emoji/dancer.png",
    "dancers": "./img/emoji/dancers.png",
    "ok_woman": "./img/emoji/ok_woman.png",
    "no_good": "./img/emoji/no_good.png",
    "information_desk_person": "./img/emoji/information_desk_person.png",
    "raising_hand": "./img/emoji/raising_hand.png",
    "bride_with_veil": "./img/emoji/bride_with_veil.png",
    "person_with_pouting_face": "./img/emoji/person_with_pouting_face.png",
    "person_frowning": "./img/emoji/person_frowning.png",
    "bow": "./img/emoji/bow.png",
    "couplekiss": "./img/emoji/couplekiss.png",
    "couple_with_heart": "./img/emoji/couple_with_heart.png",
    "massage": "./img/emoji/massage.png",
    "haircut": "./img/emoji/haircut.png",
    "nail_care": "./img/emoji/nail_care.png",
    "boy": "./img/emoji/boy.png",
    "girl": "./img/emoji/girl.png",
    "woman": "./img/emoji/woman.png",
    "man": "./img/emoji/man.png",
    "baby": "./img/emoji/baby.png",
    "older_woman": "./img/emoji/older_woman.png",
    "older_man": "./img/emoji/older_man.png",
    "person_with_blond_hair": "./img/emoji/person_with_blond_hair.png",
    "man_with_gua_pi_mao": "./img/emoji/man_with_gua_pi_mao.png",
    "man_with_turban": "./img/emoji/man_with_turban.png",
    "construction_worker": "./img/emoji/construction_worker.png",
    "cop": "./img/emoji/cop.png",
    "angel": "./img/emoji/angel.png",
    "princess": "./img/emoji/princess.png",
    "smiley_cat": "./img/emoji/smiley_cat.png",
    "smile_cat": "./img/emoji/smile_cat.png",
    "heart_eyes_cat": "./img/emoji/heart_eyes_cat.png",
    "kissing_cat": "./img/emoji/kissing_cat.png",
    "smirk_cat": "./img/emoji/smirk_cat.png",
    "scream_cat": "./img/emoji/scream_cat.png",
    "crying_cat_face": "./img/emoji/crying_cat_face.png",
    "joy_cat": "./img/emoji/joy_cat.png",
    "pouting_cat": "./img/emoji/pouting_cat.png",
    "japanese_ogre": "./img/emoji/japanese_ogre.png",
    "japanese_goblin": "./img/emoji/japanese_goblin.png",
    "see_no_evil": "./img/emoji/see_no_evil.png",
    "hear_no_evil": "./img/emoji/hear_no_evil.png",
    "speak_no_evil": "./img/emoji/speak_no_evil.png",
    "guardsman": "./img/emoji/guardsman.png",
    "skull": "./img/emoji/skull.png",
    "feet": "./img/emoji/feet.png",
    "lips": "./img/emoji/lips.png",
    "kiss": "./img/emoji/kiss.png",
    "droplet": "./img/emoji/droplet.png",
    "ear": "./img/emoji/ear.png",
    "eyes": "./img/emoji/eyes.png",
    "nose": "./img/emoji/nose.png",
    "tongue": "./img/emoji/tongue.png",
    "love_letter": "./img/emoji/love_letter.png",
    "bust_in_silhouette": "./img/emoji/bust_in_silhouette.png",
    "busts_in_silhouette": "./img/emoji/busts_in_silhouette.png",
    "speech_balloon": "./img/emoji/speech_balloon.png",
    "thought_balloon": "./img/emoji/thought_balloon.png",
    "feelsgood": "./img/emoji/feelsgood.png",
    "finnadie": "./img/emoji/finnadie.png",
    "goberserk": "./img/emoji/goberserk.png",
    "godmode": "./img/emoji/godmode.png",
    "hurtrealbad": "./img/emoji/hurtrealbad.png",
    "rage1": "./img/emoji/rage1.png",
    "rage2": "./img/emoji/rage2.png",
    "rage3": "./img/emoji/rage3.png",
    "rage4": "./img/emoji/rage4.png",
    "suspect": "./img/emoji/suspect.png",
    "trollface": "./img/emoji/trollface.png"
  },
  "nature": {
    "sunny": "./img/emoji/sunny.png",
    "umbrella": "./img/emoji/umbrella.png",
    "cloud": "./img/emoji/cloud.png",
    "snowflake": "./img/emoji/snowflake.png",
    "snowman": "./img/emoji/snowman.png",
    "zap": "./img/emoji/zap.png",
    "cyclone": "./img/emoji/cyclone.png",
    "foggy": "./img/emoji/foggy.png",
    "ocean": "./img/emoji/ocean.png",
    "cat": "./img/emoji/cat.png",
    "dog": "./img/emoji/dog.png",
    "mouse": "./img/emoji/mouse.png",
    "hamster": "./img/emoji/hamster.png",
    "rabbit": "./img/emoji/rabbit.png",
    "wolf": "./img/emoji/wolf.png",
    "frog": "./img/emoji/frog.png",
    "tiger": "./img/emoji/tiger.png",
    "koala": "./img/emoji/koala.png",
    "bear": "./img/emoji/bear.png",
    "pig": "./img/emoji/pig.png",
    "pig_nose": "./img/emoji/pig_nose.png",
    "cow": "./img/emoji/cow.png",
    "boar": "./img/emoji/boar.png",
    "monkey_face": "./img/emoji/monkey_face.png",
    "monkey": "./img/emoji/monkey.png",
    "horse": "./img/emoji/horse.png",
    "racehorse": "./img/emoji/racehorse.png",
    "camel": "./img/emoji/camel.png",
    "sheep": "./img/emoji/sheep.png",
    "elephant": "./img/emoji/elephant.png",
    "panda_face": "./img/emoji/panda_face.png",
    "snake": "./img/emoji/snake.png",
    "bird": "./img/emoji/bird.png",
    "baby_chick": "./img/emoji/baby_chick.png",
    "hatched_chick": "./img/emoji/hatched_chick.png",
    "hatching_chick": "./img/emoji/hatching_chick.png",
    "chicken": "./img/emoji/chicken.png",
    "penguin": "./img/emoji/penguin.png",
    "turtle": "./img/emoji/turtle.png",
    "bug": "./img/emoji/bug.png",
    "honeybee": "./img/emoji/honeybee.png",
    "ant": "./img/emoji/ant.png",
    "beetle": "./img/emoji/beetle.png",
    "snail": "./img/emoji/snail.png",
    "octopus": "./img/emoji/octopus.png",
    "tropical_fish": "./img/emoji/tropical_fish.png",
    "fish": "./img/emoji/fish.png",
    "whale": "./img/emoji/whale.png",
    "whale2": "./img/emoji/whale2.png",
    "dolphin": "./img/emoji/dolphin.png",
    "cow2": "./img/emoji/cow2.png",
    "ram": "./img/emoji/ram.png",
    "rat": "./img/emoji/rat.png",
    "water_buffalo": "./img/emoji/water_buffalo.png",
    "tiger2": "./img/emoji/tiger2.png",
    "rabbit2": "./img/emoji/rabbit2.png",
    "dragon": "./img/emoji/dragon.png",
    "goat": "./img/emoji/goat.png",
    "rooster": "./img/emoji/rooster.png",
    "dog2": "./img/emoji/dog2.png",
    "pig2": "./img/emoji/pig2.png",
    "mouse2": "./img/emoji/mouse2.png",
    "ox": "./img/emoji/ox.png",
    "dragon_face": "./img/emoji/dragon_face.png",
    "blowfish": "./img/emoji/blowfish.png",
    "crocodile": "./img/emoji/crocodile.png",
    "dromedary_camel": "./img/emoji/dromedary_camel.png",
    "leopard": "./img/emoji/leopard.png",
    "cat2": "./img/emoji/cat2.png",
    "poodle": "./img/emoji/poodle.png",
    "paw_prints": "./img/emoji/paw_prints.png",
    "bouquet": "./img/emoji/bouquet.png",
    "cherry_blossom": "./img/emoji/cherry_blossom.png",
    "tulip": "./img/emoji/tulip.png",
    "four_leaf_clover": "./img/emoji/four_leaf_clover.png",
    "rose": "./img/emoji/rose.png",
    "sunflower": "./img/emoji/sunflower.png",
    "hibiscus": "./img/emoji/hibiscus.png",
    "maple_leaf": "./img/emoji/maple_leaf.png",
    "leaves": "./img/emoji/leaves.png",
    "fallen_leaf": "./img/emoji/fallen_leaf.png",
    "herb": "./img/emoji/herb.png",
    "mushroom": "./img/emoji/mushroom.png",
    "cactus": "./img/emoji/cactus.png",
    "palm_tree": "./img/emoji/palm_tree.png",
    "evergreen_tree": "./img/emoji/evergreen_tree.png",
    "deciduous_tree": "./img/emoji/deciduous_tree.png",
    "chestnut": "./img/emoji/chestnut.png",
    "seedling": "./img/emoji/seedling.png",
    "blossom": "./img/emoji/blossom.png",
    "ear_of_rice": "./img/emoji/ear_of_rice.png",
    "shell": "./img/emoji/shell.png",
    "globe_with_meridians": "./img/emoji/globe_with_meridians.png",
    "sun_with_face": "./img/emoji/sun_with_face.png",
    "full_moon_with_face": "./img/emoji/full_moon_with_face.png",
    "new_moon_with_face": "./img/emoji/new_moon_with_face.png",
    "new_moon": "./img/emoji/new_moon.png",
    "waxing_crescent_moon": "./img/emoji/waxing_crescent_moon.png",
    "first_quarter_moon": "./img/emoji/first_quarter_moon.png",
    "waxing_gibbous_moon": "./img/emoji/waxing_gibbous_moon.png",
    "full_moon": "./img/emoji/full_moon.png",
    "waning_gibbous_moon": "./img/emoji/waning_gibbous_moon.png",
    "last_quarter_moon": "./img/emoji/last_quarter_moon.png",
    "waning_crescent_moon": "./img/emoji/waning_crescent_moon.png",
    "last_quarter_moon_with_face": "./img/emoji/last_quarter_moon_with_face.png",
    "first_quarter_moon_with_face": "./img/emoji/first_quarter_moon_with_face.png",
    "moon": "./img/emoji/moon.png",
    "earth_africa": "./img/emoji/earth_africa.png",
    "earth_americas": "./img/emoji/earth_americas.png",
    "earth_asia": "./img/emoji/earth_asia.png",
    "volcano": "./img/emoji/volcano.png",
    "milky_way": "./img/emoji/milky_way.png",
    "partly_sunny": "./img/emoji/partly_sunny.png",
    "octocat": "./img/emoji/octocat.png",
    "squirrel": "./img/emoji/squirrel.png"
  },
  "objects": {
    "bamboo": "./img/emoji/bamboo.png",
    "gift_heart": "./img/emoji/gift_heart.png",
    "dolls": "./img/emoji/dolls.png",
    "school_satchel": "./img/emoji/school_satchel.png",
    "mortar_board": "./img/emoji/mortar_board.png",
    "flags": "./img/emoji/flags.png",
    "fireworks": "./img/emoji/fireworks.png",
    "sparkler": "./img/emoji/sparkler.png",
    "wind_chime": "./img/emoji/wind_chime.png",
    "rice_scene": "./img/emoji/rice_scene.png",
    "jack_o_lantern": "./img/emoji/jack_o_lantern.png",
    "ghost": "./img/emoji/ghost.png",
    "santa": "./img/emoji/santa.png",
    "christmas_tree": "./img/emoji/christmas_tree.png",
    "gift": "./img/emoji/gift.png",
    "bell": "./img/emoji/bell.png",
    "no_bell": "./img/emoji/no_bell.png",
    "tanabata_tree": "./img/emoji/tanabata_tree.png",
    "tada": "./img/emoji/tada.png",
    "confetti_ball": "./img/emoji/confetti_ball.png",
    "balloon": "./img/emoji/balloon.png",
    "crystal_ball": "./img/emoji/crystal_ball.png",
    "cd": "./img/emoji/cd.png",
    "dvd": "./img/emoji/dvd.png",
    "floppy_disk": "./img/emoji/floppy_disk.png",
    "camera": "./img/emoji/camera.png",
    "video_camera": "./img/emoji/video_camera.png",
    "movie_camera": "./img/emoji/movie_camera.png",
    "computer": "./img/emoji/computer.png",
    "tv": "./img/emoji/tv.png",
    "iphone": "./img/emoji/iphone.png",
    "phone": "./img/emoji/phone.png",
    "telephone": "./img/emoji/telephone.png",
    "telephone_receiver": "./img/emoji/telephone_receiver.png",
    "pager": "./img/emoji/pager.png",
    "fax": "./img/emoji/fax.png",
    "minidisc": "./img/emoji/minidisc.png",
    "vhs": "./img/emoji/vhs.png",
    "sound": "./img/emoji/sound.png",
    "speaker": "./img/emoji/speaker.png",
    "mute": "./img/emoji/mute.png",
    "loudspeaker": "./img/emoji/loudspeaker.png",
    "mega": "./img/emoji/mega.png",
    "hourglass": "./img/emoji/hourglass.png",
    "hourglass_flowing_sand": "./img/emoji/hourglass_flowing_sand.png",
    "alarm_clock": "./img/emoji/alarm_clock.png",
    "watch": "./img/emoji/watch.png",
    "radio": "./img/emoji/radio.png",
    "satellite": "./img/emoji/satellite.png",
    "loop": "./img/emoji/loop.png",
    "mag": "./img/emoji/mag.png",
    "mag_right": "./img/emoji/mag_right.png",
    "unlock": "./img/emoji/unlock.png",
    "lock": "./img/emoji/lock.png",
    "lock_with_ink_pen": "./img/emoji/lock_with_ink_pen.png",
    "closed_lock_with_key": "./img/emoji/closed_lock_with_key.png",
    "key": "./img/emoji/key.png",
    "bulb": "./img/emoji/bulb.png",
    "flashlight": "./img/emoji/flashlight.png",
    "high_brightness": "./img/emoji/high_brightness.png",
    "low_brightness": "./img/emoji/low_brightness.png",
    "electric_plug": "./img/emoji/electric_plug.png",
    "battery": "./img/emoji/battery.png",
    "calling": "./img/emoji/calling.png",
    "email": "./img/emoji/email.png",
    "mailbox": "./img/emoji/mailbox.png",
    "postbox": "./img/emoji/postbox.png",
    "bath": "./img/emoji/bath.png",
    "bathtub": "./img/emoji/bathtub.png",
    "shower": "./img/emoji/shower.png",
    "toilet": "./img/emoji/toilet.png",
    "wrench": "./img/emoji/wrench.png",
    "nut_and_bolt": "./img/emoji/nut_and_bolt.png",
    "hammer": "./img/emoji/hammer.png",
    "seat": "./img/emoji/seat.png",
    "moneybag": "./img/emoji/moneybag.png",
    "yen": "./img/emoji/yen.png",
    "dollar": "./img/emoji/dollar.png",
    "pound": "./img/emoji/pound.png",
    "euro": "./img/emoji/euro.png",
    "credit_card": "./img/emoji/credit_card.png",
    "money_with_wings": "./img/emoji/money_with_wings.png",
    "e-mail": "./img/emoji/e-mail.png",
    "inbox_tray": "./img/emoji/inbox_tray.png",
    "outbox_tray": "./img/emoji/outbox_tray.png",
    "envelope": "./img/emoji/envelope.png",
    "incoming_envelope": "./img/emoji/incoming_envelope.png",
    "postal_horn": "./img/emoji/postal_horn.png",
    "mailbox_closed": "./img/emoji/mailbox_closed.png",
    "mailbox_with_mail": "./img/emoji/mailbox_with_mail.png",
    "mailbox_with_no_mail": "./img/emoji/mailbox_with_no_mail.png",
    "door": "./img/emoji/door.png",
    "smoking": "./img/emoji/smoking.png",
    "bomb": "./img/emoji/bomb.png",
    "gun": "./img/emoji/gun.png",
    "hocho": "./img/emoji/hocho.png",
    "pill": "./img/emoji/pill.png",
    "syringe": "./img/emoji/syringe.png",
    "page_facing_up": "./img/emoji/page_facing_up.png",
    "page_with_curl": "./img/emoji/page_with_curl.png",
    "bookmark_tabs": "./img/emoji/bookmark_tabs.png",
    "bar_chart": "./img/emoji/bar_chart.png",
    "chart_with_upwards_trend": "./img/emoji/chart_with_upwards_trend.png",
    "chart_with_downwards_trend": "./img/emoji/chart_with_downwards_trend.png",
    "scroll": "./img/emoji/scroll.png",
    "clipboard": "./img/emoji/clipboard.png",
    "calendar": "./img/emoji/calendar.png",
    "date": "./img/emoji/date.png",
    "card_index": "./img/emoji/card_index.png",
    "file_folder": "./img/emoji/file_folder.png",
    "open_file_folder": "./img/emoji/open_file_folder.png",
    "scissors": "./img/emoji/scissors.png",
    "pushpin": "./img/emoji/pushpin.png",
    "paperclip": "./img/emoji/paperclip.png",
    "black_nib": "./img/emoji/black_nib.png",
    "pencil2": "./img/emoji/pencil2.png",
    "straight_ruler": "./img/emoji/straight_ruler.png",
    "triangular_ruler": "./img/emoji/triangular_ruler.png",
    "closed_book": "./img/emoji/closed_book.png",
    "green_book": "./img/emoji/green_book.png",
    "blue_book": "./img/emoji/blue_book.png",
    "orange_book": "./img/emoji/orange_book.png",
    "notebook": "./img/emoji/notebook.png",
    "notebook_with_decorative_cover": "./img/emoji/notebook_with_decorative_cover.png",
    "ledger": "./img/emoji/ledger.png",
    "books": "./img/emoji/books.png",
    "bookmark": "./img/emoji/bookmark.png",
    "name_badge": "./img/emoji/name_badge.png",
    "microscope": "./img/emoji/microscope.png",
    "telescope": "./img/emoji/telescope.png",
    "newspaper": "./img/emoji/newspaper.png",
    "football": "./img/emoji/football.png",
    "basketball": "./img/emoji/basketball.png",
    "soccer": "./img/emoji/soccer.png",
    "baseball": "./img/emoji/baseball.png",
    "tennis": "./img/emoji/tennis.png",
    "8ball": "./img/emoji/8ball.png",
    "rugby_football": "./img/emoji/rugby_football.png",
    "bowling": "./img/emoji/bowling.png",
    "golf": "./img/emoji/golf.png",
    "mountain_bicyclist": "./img/emoji/mountain_bicyclist.png",
    "bicyclist": "./img/emoji/bicyclist.png",
    "horse_racing": "./img/emoji/horse_racing.png",
    "snowboarder": "./img/emoji/snowboarder.png",
    "swimmer": "./img/emoji/swimmer.png",
    "surfer": "./img/emoji/surfer.png",
    "ski": "./img/emoji/ski.png",
    "spades": "./img/emoji/spades.png",
    "hearts": "./img/emoji/hearts.png",
    "clubs": "./img/emoji/clubs.png",
    "diamonds": "./img/emoji/diamonds.png",
    "gem": "./img/emoji/gem.png",
    "ring": "./img/emoji/ring.png",
    "trophy": "./img/emoji/trophy.png",
    "musical_score": "./img/emoji/musical_score.png",
    "musical_keyboard": "./img/emoji/musical_keyboard.png",
    "violin": "./img/emoji/violin.png",
    "space_invader": "./img/emoji/space_invader.png",
    "video_game": "./img/emoji/video_game.png",
    "black_joker": "./img/emoji/black_joker.png",
    "flower_playing_cards": "./img/emoji/flower_playing_cards.png",
    "game_die": "./img/emoji/game_die.png",
    "dart": "./img/emoji/dart.png",
    "mahjong": "./img/emoji/mahjong.png",
    "clapper": "./img/emoji/clapper.png",
    "memo": "./img/emoji/memo.png",
    "pencil": "./img/emoji/pencil.png",
    "book": "./img/emoji/book.png",
    "art": "./img/emoji/art.png",
    "microphone": "./img/emoji/microphone.png",
    "headphones": "./img/emoji/headphones.png",
    "trumpet": "./img/emoji/trumpet.png",
    "saxophone": "./img/emoji/saxophone.png",
    "guitar": "./img/emoji/guitar.png",
    "shoe": "./img/emoji/shoe.png",
    "sandal": "./img/emoji/sandal.png",
    "high_heel": "./img/emoji/high_heel.png",
    "lipstick": "./img/emoji/lipstick.png",
    "boot": "./img/emoji/boot.png",
    "shirt": "./img/emoji/shirt.png",
    "tshirt": "./img/emoji/tshirt.png",
    "necktie": "./img/emoji/necktie.png",
    "womans_clothes": "./img/emoji/womans_clothes.png",
    "dress": "./img/emoji/dress.png",
    "running_shirt_with_sash": "./img/emoji/running_shirt_with_sash.png",
    "jeans": "./img/emoji/jeans.png",
    "kimono": "./img/emoji/kimono.png",
    "bikini": "./img/emoji/bikini.png",
    "ribbon": "./img/emoji/ribbon.png",
    "tophat": "./img/emoji/tophat.png",
    "crown": "./img/emoji/crown.png",
    "womans_hat": "./img/emoji/womans_hat.png",
    "mans_shoe": "./img/emoji/mans_shoe.png",
    "closed_umbrella": "./img/emoji/closed_umbrella.png",
    "briefcase": "./img/emoji/briefcase.png",
    "handbag": "./img/emoji/handbag.png",
    "pouch": "./img/emoji/pouch.png",
    "purse": "./img/emoji/purse.png",
    "eyeglasses": "./img/emoji/eyeglasses.png",
    "fishing_pole_and_fish": "./img/emoji/fishing_pole_and_fish.png",
    "coffee": "./img/emoji/coffee.png",
    "tea": "./img/emoji/tea.png",
    "sake": "./img/emoji/sake.png",
    "baby_bottle": "./img/emoji/baby_bottle.png",
    "beer": "./img/emoji/beer.png",
    "beers": "./img/emoji/beers.png",
    "cocktail": "./img/emoji/cocktail.png",
    "tropical_drink": "./img/emoji/tropical_drink.png",
    "wine_glass": "./img/emoji/wine_glass.png",
    "fork_and_knife": "./img/emoji/fork_and_knife.png",
    "pizza": "./img/emoji/pizza.png",
    "hamburger": "./img/emoji/hamburger.png",
    "fries": "./img/emoji/fries.png",
    "poultry_leg": "./img/emoji/poultry_leg.png",
    "meat_on_bone": "./img/emoji/meat_on_bone.png",
    "spaghetti": "./img/emoji/spaghetti.png",
    "curry": "./img/emoji/curry.png",
    "fried_shrimp": "./img/emoji/fried_shrimp.png",
    "bento": "./img/emoji/bento.png",
    "sushi": "./img/emoji/sushi.png",
    "fish_cake": "./img/emoji/fish_cake.png",
    "rice_ball": "./img/emoji/rice_ball.png",
    "rice_cracker": "./img/emoji/rice_cracker.png",
    "rice": "./img/emoji/rice.png",
    "ramen": "./img/emoji/ramen.png",
    "stew": "./img/emoji/stew.png",
    "oden": "./img/emoji/oden.png",
    "dango": "./img/emoji/dango.png",
    "egg": "./img/emoji/egg.png",
    "bread": "./img/emoji/bread.png",
    "doughnut": "./img/emoji/doughnut.png",
    "custard": "./img/emoji/custard.png",
    "icecream": "./img/emoji/icecream.png",
    "ice_cream": "./img/emoji/ice_cream.png",
    "shaved_ice": "./img/emoji/shaved_ice.png",
    "birthday": "./img/emoji/birthday.png",
    "cake": "./img/emoji/cake.png",
    "cookie": "./img/emoji/cookie.png",
    "chocolate_bar": "./img/emoji/chocolate_bar.png",
    "candy": "./img/emoji/candy.png",
    "lollipop": "./img/emoji/lollipop.png",
    "honey_pot": "./img/emoji/honey_pot.png",
    "apple": "./img/emoji/apple.png",
    "green_apple": "./img/emoji/green_apple.png",
    "tangerine": "./img/emoji/tangerine.png",
    "lemon": "./img/emoji/lemon.png",
    "cherries": "./img/emoji/cherries.png",
    "grapes": "./img/emoji/grapes.png",
    "watermelon": "./img/emoji/watermelon.png",
    "strawberry": "./img/emoji/strawberry.png",
    "peach": "./img/emoji/peach.png",
    "melon": "./img/emoji/melon.png",
    "banana": "./img/emoji/banana.png",
    "pear": "./img/emoji/pear.png",
    "pineapple": "./img/emoji/pineapple.png",
    "sweet_potato": "./img/emoji/sweet_potato.png",
    "eggplant": "./img/emoji/eggplant.png",
    "tomato": "./img/emoji/tomato.png",
    "corn": "./img/emoji/corn.png"
  },
  "places": {
    "house": "./img/emoji/house.png",
    "house_with_garden": "./img/emoji/house_with_garden.png",
    "school": "./img/emoji/school.png",
    "office": "./img/emoji/office.png",
    "post_office": "./img/emoji/post_office.png",
    "hospital": "./img/emoji/hospital.png",
    "bank": "./img/emoji/bank.png",
    "convenience_store": "./img/emoji/convenience_store.png",
    "love_hotel": "./img/emoji/love_hotel.png",
    "hotel": "./img/emoji/hotel.png",
    "wedding": "./img/emoji/wedding.png",
    "church": "./img/emoji/church.png",
    "department_store": "./img/emoji/department_store.png",
    "european_post_office": "./img/emoji/european_post_office.png",
    "city_sunrise": "./img/emoji/city_sunrise.png",
    "city_sunset": "./img/emoji/city_sunset.png",
    "japanese_castle": "./img/emoji/japanese_castle.png",
    "european_castle": "./img/emoji/european_castle.png",
    "tent": "./img/emoji/tent.png",
    "factory": "./img/emoji/factory.png",
    "tokyo_tower": "./img/emoji/tokyo_tower.png",
    "japan": "./img/emoji/japan.png",
    "mount_fuji": "./img/emoji/mount_fuji.png",
    "sunrise_over_mountains": "./img/emoji/sunrise_over_mountains.png",
    "sunrise": "./img/emoji/sunrise.png",
    "stars": "./img/emoji/stars.png",
    "statue_of_liberty": "./img/emoji/statue_of_liberty.png",
    "bridge_at_night": "./img/emoji/bridge_at_night.png",
    "carousel_horse": "./img/emoji/carousel_horse.png",
    "rainbow": "./img/emoji/rainbow.png",
    "ferris_wheel": "./img/emoji/ferris_wheel.png",
    "fountain": "./img/emoji/fountain.png",
    "roller_coaster": "./img/emoji/roller_coaster.png",
    "ship": "./img/emoji/ship.png",
    "speedboat": "./img/emoji/speedboat.png",
    "boat": "./img/emoji/boat.png",
    "sailboat": "./img/emoji/sailboat.png",
    "rowboat": "./img/emoji/rowboat.png",
    "anchor": "./img/emoji/anchor.png",
    "rocket": "./img/emoji/rocket.png",
    "airplane": "./img/emoji/airplane.png",
    "helicopter": "./img/emoji/helicopter.png",
    "steam_locomotive": "./img/emoji/steam_locomotive.png",
    "tram": "./img/emoji/tram.png",
    "mountain_railway": "./img/emoji/mountain_railway.png",
    "bike": "./img/emoji/bike.png",
    "aerial_tramway": "./img/emoji/aerial_tramway.png",
    "suspension_railway": "./img/emoji/suspension_railway.png",
    "mountain_cableway": "./img/emoji/mountain_cableway.png",
    "tractor": "./img/emoji/tractor.png",
    "blue_car": "./img/emoji/blue_car.png",
    "oncoming_automobile": "./img/emoji/oncoming_automobile.png",
    "car": "./img/emoji/car.png",
    "red_car": "./img/emoji/red_car.png",
    "taxi": "./img/emoji/taxi.png",
    "oncoming_taxi": "./img/emoji/oncoming_taxi.png",
    "articulated_lorry": "./img/emoji/articulated_lorry.png",
    "bus": "./img/emoji/bus.png",
    "oncoming_bus": "./img/emoji/oncoming_bus.png",
    "rotating_light": "./img/emoji/rotating_light.png",
    "police_car": "./img/emoji/police_car.png",
    "oncoming_police_car": "./img/emoji/oncoming_police_car.png",
    "fire_engine": "./img/emoji/fire_engine.png",
    "ambulance": "./img/emoji/ambulance.png",
    "minibus": "./img/emoji/minibus.png",
    "truck": "./img/emoji/truck.png",
    "train": "./img/emoji/train.png",
    "station": "./img/emoji/station.png",
    "train2": "./img/emoji/train2.png",
    "bullettrain_front": "./img/emoji/bullettrain_front.png",
    "bullettrain_side": "./img/emoji/bullettrain_side.png",
    "light_rail": "./img/emoji/light_rail.png",
    "monorail": "./img/emoji/monorail.png",
    "railway_car": "./img/emoji/railway_car.png",
    "trolleybus": "./img/emoji/trolleybus.png",
    "ticket": "./img/emoji/ticket.png",
    "fuelpump": "./img/emoji/fuelpump.png",
    "vertical_traffic_light": "./img/emoji/vertical_traffic_light.png",
    "traffic_light": "./img/emoji/traffic_light.png",
    "warning": "./img/emoji/warning.png",
    "construction": "./img/emoji/construction.png",
    "beginner": "./img/emoji/beginner.png",
    "atm": "./img/emoji/atm.png",
    "slot_machine": "./img/emoji/slot_machine.png",
    "busstop": "./img/emoji/busstop.png",
    "barber": "./img/emoji/barber.png",
    "hotsprings": "./img/emoji/hotsprings.png",
    "checkered_flag": "./img/emoji/checkered_flag.png",
    "crossed_flags": "./img/emoji/crossed_flags.png",
    "izakaya_lantern": "./img/emoji/izakaya_lantern.png",
    "moyai": "./img/emoji/moyai.png",
    "circus_tent": "./img/emoji/circus_tent.png",
    "performing_arts": "./img/emoji/performing_arts.png",
    "round_pushpin": "./img/emoji/round_pushpin.png",
    "triangular_flag_on_post": "./img/emoji/triangular_flag_on_post.png",
    "jp": "./img/emoji/jp.png",
    "kr": "./img/emoji/kr.png",
    "cn": "./img/emoji/cn.png",
    "us": "./img/emoji/us.png",
    "fr": "./img/emoji/fr.png",
    "es": "./img/emoji/es.png",
    "it": "./img/emoji/it.png",
    "ru": "./img/emoji/ru.png",
    "gb": "./img/emoji/gb.png",
    "uk": "./img/emoji/uk.png",
    "de": "./img/emoji/de.png"
  },
  "symbols": {
    "100": "./img/emoji/100.png",
    "1234": "./img/emoji/1234.png",
    "one": "./img/emoji/one.png",
    "two": "./img/emoji/two.png",
    "three": "./img/emoji/three.png",
    "four": "./img/emoji/four.png",
    "five": "./img/emoji/five.png",
    "six": "./img/emoji/six.png",
    "seven": "./img/emoji/seven.png",
    "eight": "./img/emoji/eight.png",
    "nine": "./img/emoji/nine.png",
    "keycap_ten": "./img/emoji/keycap_ten.png",
    "zero": "./img/emoji/zero.png",
    "hash": "./img/emoji/hash.png",
    "symbols": "./img/emoji/symbols.png",
    "arrow_backward": "./img/emoji/arrow_backward.png",
    "arrow_down": "./img/emoji/arrow_down.png",
    "arrow_forward": "./img/emoji/arrow_forward.png",
    "arrow_left": "./img/emoji/arrow_left.png",
    "capital_abcd": "./img/emoji/capital_abcd.png",
    "abcd": "./img/emoji/abcd.png",
    "abc": "./img/emoji/abc.png",
    "arrow_lower_left": "./img/emoji/arrow_lower_left.png",
    "arrow_lower_right": "./img/emoji/arrow_lower_right.png",
    "arrow_right": "./img/emoji/arrow_right.png",
    "arrow_up": "./img/emoji/arrow_up.png",
    "arrow_upper_left": "./img/emoji/arrow_upper_left.png",
    "arrow_upper_right": "./img/emoji/arrow_upper_right.png",
    "arrow_double_down": "./img/emoji/arrow_double_down.png",
    "arrow_double_up": "./img/emoji/arrow_double_up.png",
    "arrow_down_small": "./img/emoji/arrow_down_small.png",
    "arrow_heading_down": "./img/emoji/arrow_heading_down.png",
    "arrow_heading_up": "./img/emoji/arrow_heading_up.png",
    "leftwards_arrow_with_hook": "./img/emoji/leftwards_arrow_with_hook.png",
    "arrow_right_hook": "./img/emoji/arrow_right_hook.png",
    "left_right_arrow": "./img/emoji/left_right_arrow.png",
    "arrow_up_down": "./img/emoji/arrow_up_down.png",
    "arrow_up_small": "./img/emoji/arrow_up_small.png",
    "arrows_clockwise": "./img/emoji/arrows_clockwise.png",
    "arrows_counterclockwise": "./img/emoji/arrows_counterclockwise.png",
    "rewind": "./img/emoji/rewind.png",
    "fast_forward": "./img/emoji/fast_forward.png",
    "information_source": "./img/emoji/information_source.png",
    "ok": "./img/emoji/ok.png",
    "twisted_rightwards_arrows": "./img/emoji/twisted_rightwards_arrows.png",
    "repeat": "./img/emoji/repeat.png",
    "repeat_one": "./img/emoji/repeat_one.png",
    "new": "./img/emoji/new.png",
    "top": "./img/emoji/top.png",
    "up": "./img/emoji/up.png",
    "cool": "./img/emoji/cool.png",
    "free": "./img/emoji/free.png",
    "ng": "./img/emoji/ng.png",
    "cinema": "./img/emoji/cinema.png",
    "koko": "./img/emoji/koko.png",
    "signal_strength": "./img/emoji/signal_strength.png",
    "u5272": "./img/emoji/u5272.png",
    "u5408": "./img/emoji/u5408.png",
    "u55b6": "./img/emoji/u55b6.png",
    "u6307": "./img/emoji/u6307.png",
    "u6708": "./img/emoji/u6708.png",
    "u6709": "./img/emoji/u6709.png",
    "u6e80": "./img/emoji/u6e80.png",
    "u7121": "./img/emoji/u7121.png",
    "u7533": "./img/emoji/u7533.png",
    "u7a7a": "./img/emoji/u7a7a.png",
    "u7981": "./img/emoji/u7981.png",
    "sa": "./img/emoji/sa.png",
    "restroom": "./img/emoji/restroom.png",
    "mens": "./img/emoji/mens.png",
    "womens": "./img/emoji/womens.png",
    "baby_symbol": "./img/emoji/baby_symbol.png",
    "no_smoking": "./img/emoji/no_smoking.png",
    "parking": "./img/emoji/parking.png",
    "wheelchair": "./img/emoji/wheelchair.png",
    "metro": "./img/emoji/metro.png",
    "baggage_claim": "./img/emoji/baggage_claim.png",
    "accept": "./img/emoji/accept.png",
    "wc": "./img/emoji/wc.png",
    "potable_water": "./img/emoji/potable_water.png",
    "put_litter_in_its_place": "./img/emoji/put_litter_in_its_place.png",
    "secret": "./img/emoji/secret.png",
    "congratulations": "./img/emoji/congratulations.png",
    "m": "./img/emoji/m.png",
    "passport_control": "./img/emoji/passport_control.png",
    "left_luggage": "./img/emoji/left_luggage.png",
    "customs": "./img/emoji/customs.png",
    "ideograph_advantage": "./img/emoji/ideograph_advantage.png",
    "cl": "./img/emoji/cl.png",
    "sos": "./img/emoji/sos.png",
    "id": "./img/emoji/id.png",
    "no_entry_sign": "./img/emoji/no_entry_sign.png",
    "underage": "./img/emoji/underage.png",
    "no_mobile_phones": "./img/emoji/no_mobile_phones.png",
    "do_not_litter": "./img/emoji/do_not_litter.png",
    "non-potable_water": "./img/emoji/non-potable_water.png",
    "no_bicycles": "./img/emoji/no_bicycles.png",
    "no_pedestrians": "./img/emoji/no_pedestrians.png",
    "children_crossing": "./img/emoji/children_crossing.png",
    "no_entry": "./img/emoji/no_entry.png",
    "eight_spoked_asterisk": "./img/emoji/eight_spoked_asterisk.png",
    "eight_pointed_black_star": "./img/emoji/eight_pointed_black_star.png",
    "heart_decoration": "./img/emoji/heart_decoration.png",
    "vs": "./img/emoji/vs.png",
    "vibration_mode": "./img/emoji/vibration_mode.png",
    "mobile_phone_off": "./img/emoji/mobile_phone_off.png",
    "chart": "./img/emoji/chart.png",
    "currency_exchange": "./img/emoji/currency_exchange.png",
    "aries": "./img/emoji/aries.png",
    "taurus": "./img/emoji/taurus.png",
    "gemini": "./img/emoji/gemini.png",
    "cancer": "./img/emoji/cancer.png",
    "leo": "./img/emoji/leo.png",
    "virgo": "./img/emoji/virgo.png",
    "libra": "./img/emoji/libra.png",
    "scorpius": "./img/emoji/scorpius.png",
    "sagittarius": "./img/emoji/sagittarius.png",
    "capricorn": "./img/emoji/capricorn.png",
    "aquarius": "./img/emoji/aquarius.png",
    "pisces": "./img/emoji/pisces.png",
    "ophiuchus": "./img/emoji/ophiuchus.png",
    "six_pointed_star": "./img/emoji/six_pointed_star.png",
    "negative_squared_cross_mark": "./img/emoji/negative_squared_cross_mark.png",
    "a": "./img/emoji/a.png",
    "b": "./img/emoji/b.png",
    "ab": "./img/emoji/ab.png",
    "o2": "./img/emoji/o2.png",
    "diamond_shape_with_a_dot_inside": "./img/emoji/diamond_shape_with_a_dot_inside.png",
    "recycle": "./img/emoji/recycle.png",
    "end": "./img/emoji/end.png",
    "on": "./img/emoji/on.png",
    "soon": "./img/emoji/soon.png",
    "clock1": "./img/emoji/clock1.png",
    "clock130": "./img/emoji/clock130.png",
    "clock10": "./img/emoji/clock10.png",
    "clock1030": "./img/emoji/clock1030.png",
    "clock11": "./img/emoji/clock11.png",
    "clock1130": "./img/emoji/clock1130.png",
    "clock12": "./img/emoji/clock12.png",
    "clock1230": "./img/emoji/clock1230.png",
    "clock2": "./img/emoji/clock2.png",
    "clock230": "./img/emoji/clock230.png",
    "clock3": "./img/emoji/clock3.png",
    "clock330": "./img/emoji/clock330.png",
    "clock4": "./img/emoji/clock4.png",
    "clock430": "./img/emoji/clock430.png",
    "clock5": "./img/emoji/clock5.png",
    "clock530": "./img/emoji/clock530.png",
    "clock6": "./img/emoji/clock6.png",
    "clock630": "./img/emoji/clock630.png",
    "clock7": "./img/emoji/clock7.png",
    "clock730": "./img/emoji/clock730.png",
    "clock8": "./img/emoji/clock8.png",
    "clock830": "./img/emoji/clock830.png",
    "clock9": "./img/emoji/clock9.png",
    "clock930": "./img/emoji/clock930.png",
    "heavy_dollar_sign": "./img/emoji/heavy_dollar_sign.png",
    "copyright": "./img/emoji/copyright.png",
    "registered": "./img/emoji/registered.png",
    "tm": "./img/emoji/tm.png",
    "x": "./img/emoji/x.png",
    "heavy_exclamation_mark": "./img/emoji/heavy_exclamation_mark.png",
    "bangbang": "./img/emoji/bangbang.png",
    "interrobang": "./img/emoji/interrobang.png",
    "o": "./img/emoji/o.png",
    "heavy_multiplication_x": "./img/emoji/heavy_multiplication_x.png",
    "heavy_plus_sign": "./img/emoji/heavy_plus_sign.png",
    "heavy_minus_sign": "./img/emoji/heavy_minus_sign.png",
    "heavy_division_sign": "./img/emoji/heavy_division_sign.png",
    "white_flower": "./img/emoji/white_flower.png",
    "heavy_check_mark": "./img/emoji/heavy_check_mark.png",
    "ballot_box_with_check": "./img/emoji/ballot_box_with_check.png",
    "radio_button": "./img/emoji/radio_button.png",
    "link": "./img/emoji/link.png",
    "curly_loop": "./img/emoji/curly_loop.png",
    "wavy_dash": "./img/emoji/wavy_dash.png",
    "part_alternation_mark": "./img/emoji/part_alternation_mark.png",
    "trident": "./img/emoji/trident.png",
    "black_small_square": "./img/emoji/black_small_square.png",
    "white_small_square": "./img/emoji/white_small_square.png",
    "white_check_mark": "./img/emoji/white_check_mark.png",
    "black_square_button": "./img/emoji/black_square_button.png",
    "white_square_button": "./img/emoji/white_square_button.png",
    "black_circle": "./img/emoji/black_circle.png",
    "white_circle": "./img/emoji/white_circle.png",
    "red_circle": "./img/emoji/red_circle.png",
    "large_blue_circle": "./img/emoji/large_blue_circle.png",
    "large_blue_diamond": "./img/emoji/large_blue_diamond.png",
    "large_orange_diamond": "./img/emoji/large_orange_diamond.png",
    "small_blue_diamond": "./img/emoji/small_blue_diamond.png",
    "small_orange_diamond": "./img/emoji/small_orange_diamond.png",
    "small_red_triangle": "./img/emoji/small_red_triangle.png",
    "small_red_triangle_down": "./img/emoji/small_red_triangle_down.png",
    "shipit": "./img/emoji/shipit.png"
  }
}
